TAG2502320,2026-06-30,2026-07-16 14:58:31,578319,CPY2616715,2026-07-20,2026-07-21 09:14:34,65,Rent,Posted,2026-07-01,2026-07-15,dbabu@alhabib.om
TAG1902705,2020-08-31,2020-08-02 21:05:21,578313,CPY2616709,2025-12-31,2026-07-20 17:09:24,32,Rent,Pending,2020-09-01,2020-09-30,sirajm@alhabib.om
TAG2503024,2026-05-31,2026-05-24 18:11:47,575476,CPY2614074,2026-06-15,2026-06-24 14:52:30,180,Rent,Posted,2026-06-15,2026-07-14,salamr@alhabib.om
TAG2100504,2021-09-15,2021-09-29 08:29:04,575430,CPY2614041,2025-12-31,2026-06-23 17:28:58,200.75,Rent,Pending,2021-08-30,2021-09-29,sirajm@alhabib.om
TAG2003337,2021-10-31,2021-11-08 16:21:39,575425,CPY2614036,2025-12-31,2026-06-23 17:16:18,33,Rent,Pending,2021-11-01,2021-11-30,sirajm@alhabib.om
TAG2200150,2023-01-31,2023-02-09 17:29:37,575424,CPY2614035,2025-12-31,2026-06-23 17:14:31,39,Rent,Pending,2023-02-01,2023-02-28,sirajm@alhabib.om
TAG2302227,2024-07-31,2024-08-07 20:37:32,575421,CPY2614032,2025-12-31,2026-06-23 17:03:39,144.5,Rent,Pending,2024-07-21,2024-08-20,sirajm@alhabib.om
TAG2201093,2023-05-31,2023-07-02 16:44:03,575419,CPY2614030,2025-12-31,2026-06-23 17:02:12,31,Rent,Pending,2023-06-01,2023-06-30,sirajm@alhabib.om
TAG1903593,2020-09-30,2020-09-30 00:00:00,575418,CPY2614029,2025-12-31,2026-06-23 16:59:03,46,Rent,Pending,2020-10-01,2020-10-31,sirajm@alhabib.om
TAG2302886,2024-10-31,2024-11-02 11:20:10,575417,CPY2614028,2025-12-31,2026-06-23 16:57:42,33,Rent,Pending,2024-11-01,2024-11-30,sirajm@alhabib.om
TAG2000046,2021-03-31,2021-03-26 10:33:38,575415,CPY2614026,2025-12-31,2026-06-23 16:54:54,53,Rent,Pending,2021-04-01,2021-04-02,sirajm@alhabib.om
TAG2001953,2021-02-15,2021-02-15 00:00:00,575412,CPY2614023,2025-12-31,2026-06-23 15:39:48,60,Rent,Pending,2021-02-16,2021-02-17,sirajm@alhabib.om
TAG2002322,2021-05-31,2021-05-31 00:00:00,575411,CPY2614022,2025-12-31,2026-06-23 15:36:05,31,Rent,Pending,2021-06-01,2021-06-02,sirajm@alhabib.om
TAG2400262,2025-01-31,2025-02-11 10:32:52,575409,CPY2614021,2025-12-31,2026-06-23 15:21:30,35,Rent,Pending,2025-02-01,2025-02-02,sirajm@alhabib.om
TAG1902742,2020-08-31,2020-08-31 00:00:00,575408,CPY2614020,2025-12-31,2026-06-23 15:16:42,33,Rent,Pending,2020-09-01,2020-09-02,sirajm@alhabib.om
TAG2302810,2025-02-28,2025-02-04 13:28:09,575407,CPY2614019,2025-12-31,2026-06-23 15:10:45,48,Rent,Pending,2025-03-01,2025-03-01,sirajm@alhabib.om
TAG2500079,2026-01-31,2026-01-26 07:59:37,575406,CPY2614018,2025-12-31,2026-06-23 15:06:55,50,Rent,Pending,2026-02-01,2026-02-02,sirajm@alhabib.om
TAG2101064,2022-01-31,2022-01-12 15:28:29,575403,CPY2614015,2025-12-31,2026-06-23 14:59:26,37,Rent,Pending,2022-02-01,2022-02-28,sirajm@alhabib.om
TAG2300934,2024-03-31,2024-04-04 12:15:43,575188,CPY2613813,2025-12-31,2026-06-21 18:03:49,53,Rent,Pending,2024-04-01,2024-04-02,sirajm@alhabib.om
TAG2301647,2024-03-31,2024-04-07 15:38:46,575183,CPY2613808,2025-12-31,2026-06-21 17:46:19,38.5,Rent,Pending,2024-04-01,2024-04-02,sirajm@alhabib.om
TAG1903865,2020-10-31,2020-10-27 20:55:35,575167,CPY2613796,2025-12-31,2026-06-19 09:51:37,30,Rent,Pending,2020-11-01,2020-11-03,sirajm@alhabib.om
TAG2502614,2026-05-31,2026-05-04 12:29:32,573856,CPY2612565,2026-06-01,2026-06-08 09:58:41,2112,Rent,Posted,2026-06-01,2026-08-31,salamr@alhabib.om
TAG2501358,2026-04-14,2026-05-04 15:39:22,573551,CPY2612266,2026-06-04,2026-06-07 16:12:02,210,Rent,Posted,2026-03-15,2026-04-29,dbabu@alhabib.om
TAG2503024,2026-05-31,2026-05-24 18:11:47,573353,CPY2612117,2026-05-31,2026-06-01 15:17:44,180,Rent,Posted,2026-05-15,2026-06-14,salamr@alhabib.om
TAG2500245,2025-11-30,2025-12-14 16:11:49,562924,CPY2602443,2026-02-01,2026-02-04 09:01:15,177,Rent,Posted,2025-11-08,2025-12-02,salamr@alhabib.om
TAG1700229,2017-01-01,2008-03-31 00:00:00,562475,CPY2602054,2026-01-27,2026-01-28 15:17:01,388.733,Rent,Posted,2018-06-07,2018-07-09,salamr@alhabib.om
TAG1902139,2020-06-30,2020-06-30 00:00:00,560217,CPY2527424,2025-12-31,2026-01-05 11:14:17,33,Rent,Posted,2020-07-01,2020-07-31,sirajm@alhabib.om
TAG1700229,2017-01-01,2008-03-31 00:00:00,559972,CPY2527237,2025-12-28,2025-12-30 10:50:42,500,Rent,Posted,2018-04-25,2018-06-06,salamr@alhabib.om
TAG1700229,2017-01-01,2008-03-31 00:00:00,557382,CPY2524856,2025-11-30,2025-12-01 14:59:22,500,Rent,Posted,2018-03-12,2018-04-24,salamr@alhabib.om
TAG1700229,2017-01-01,2008-03-31 00:00:00,554674,CPY2522365,2025-10-27,2025-10-28 15:17:33,500,Rent,Posted,2018-01-27,2018-03-11,salamr@alhabib.om
TAG2402243,2025-09-30,2025-09-30 12:37:03,553889,CPY2521681,2025-09-29,2025-10-15 09:11:01,250,Rent,Posted,2025-09-02,2025-10-01,sirajm@alhabib.om
TAG1700229,2017-01-01,2008-03-31 00:00:00,552207,CPY2520137,2025-09-28,2025-09-30 14:53:06,500,Rent,Posted,2017-12-14,2018-01-26,salamr@alhabib.om
TAG2201543,2022-10-15,2022-11-15 10:11:58,551938,CPY2519919,2025-09-25,2025-09-25 10:13:50,250,Rent,Posted,2022-09-19,2022-11-20,sirajm@alhabib.om
TAG2500228,2025-05-31,2025-06-04 07:17:07,550221,CPY2518348,2025-09-01,2025-09-04 09:17:54,975,Rent,Posted,2025-05-16,2025-12-30,salamr@alhabib.om
TAG1700229,2017-01-01,2008-03-31 00:00:00,549643,CPY2517841,2025-08-27,2025-08-28 11:30:42,500,Rent,Posted,2017-10-31,2017-12-13,salamr@alhabib.om
TAG2100917,2021-07-01,2021-07-01 00:00:00,548884,CAR2501850,2025-08-19,2025-08-19 08:40:36,1000,Rent,Posted,2021-10-01,2021-12-26,dbabu@alhabib.om
TAG2100917,2021-07-01,2021-07-01 00:00:00,548857,CPY2517118,2025-08-01,2025-08-18 09:15:37,1050,Rent,Posted,2021-07-01,2021-09-30,sirajm@alhabib.om
TAG1700229,2017-01-01,2008-03-31 00:00:00,546978,CPY2515423,2025-07-27,2025-07-28 14:27:49,500,Rent,Posted,2017-09-18,2017-10-30,salamr@alhabib.om
TAG1700229,2017-01-01,2008-03-31 00:00:00,544632,CPY2513288,2025-06-30,2025-07-02 09:27:36,500,Rent,Posted,2017-08-05,2017-09-17,salamr@alhabib.om
TAG1700229,2017-01-01,2008-03-31 00:00:00,541965,CPY2510891,2025-05-27,2025-05-28 11:41:55,500,Rent,Posted,2017-06-23,2017-08-04,salamr@alhabib.om
TAG2402446,2025-04-10,2025-05-04 15:51:48,540100,CPY2509214,2025-05-04,2025-05-08 08:02:39,2000,Rent,Posted,2025-05-01,2025-06-30,salamr@alhabib.om
TAG1700229,2017-01-01,2008-03-31 00:00:00,539235,CPY2508433,2025-04-27,2025-04-28 14:11:06,500,Rent,Posted,2017-05-10,2017-06-22,salamr@alhabib.om
TAG1700229,2017-01-01,2008-03-31 00:00:00,536901,CPY2506305,2025-03-27,2025-04-07 10:04:42,500,Rent,Posted,2017-03-27,2017-05-09,salamr@alhabib.om
TAG1700229,2017-01-01,2008-03-31 00:00:00,534416,CPY2504048,2025-02-27,2025-02-27 14:49:48,500,Rent,Posted,2017-02-14,2017-03-26,salamr@alhabib.om
TAG1700229,2017-01-01,2008-03-31 00:00:00,531975,CPY2501857,2025-01-28,2025-01-29 09:18:20,500,Rent,Posted,2017-01-01,2017-02-13,salamr@alhabib.om
TAG2401349,2024-11-30,2024-12-23 09:39:41,530306,CPY2500343,2025-01-02,2025-01-08 14:22:38,100,Rent,Posted,2024-12-01,2024-12-31,dbabu@alhabib.om
TAG1903583,2020-04-30,2021-03-02 12:00:34,529745,CAR2402532,2024-12-30,2024-12-30 11:45:29,290,Rent,Posted,2020-05-01,2020-05-31,dbabu@alhabib.om
TAG2301599,2024-05-31,2024-06-09 15:46:04,529493,CPY2423260,2024-12-22,2024-12-23 15:20:11,250,Rent,Posted,2024-05-25,2024-06-02,salamr@alhabib.om
TAG2400187,2024-09-30,2024-10-23 07:34:46,528942,CPY2422724,2024-12-12,2024-12-17 16:15:35,120,Rent,Posted,2024-12-01,2024-12-31,salamr@alhabib.om
TAG2400558,2024-10-31,2024-11-13 17:21:14,526674,CPY2420650,2024-11-14,2024-11-26 11:05:36,150,Rent,Posted,2024-10-02,2024-11-01,salamr@alhabib.om
TAG2400187,2024-09-30,2024-10-23 07:34:46,526645,CPY2420621,2024-11-12,2024-11-26 09:45:56,120,Rent,Posted,2024-11-01,2024-11-30,salamr@alhabib.om
TAG1902755,2020-09-15,2020-09-19 17:35:37,526338,CPY2420370,2024-01-01,2024-11-14 10:10:34,33,Rent,Pending,2020-09-16,2020-10-15,sirajm@alhabib.om
TAG2302594,2024-08-31,2024-09-28 13:44:25,524827,CPY2419004,2024-10-22,2024-10-29 07:58:26,260,Rent,Posted,2024-10-01,2024-10-31,salamr@alhabib.om
TAG1901408,2019-10-31,2008-03-31 00:00:00,522504,CPY2416908,2024-09-22,2024-09-24 15:27:39,200,Rent,Posted,2019-11-24,2019-11-28,salamr@alhabib.om
TAG1901408,2019-10-31,2008-03-31 00:00:00,520319,CPY2414920,2024-08-20,2024-08-21 15:51:54,200,Rent,Posted,2019-11-19,2019-11-23,salamr@alhabib.om
TAG2302636,2024-07-31,2024-08-01 16:40:03,519889,CPY2414512,2024-08-13,2024-08-19 08:54:05,120,Rent,Posted,2024-08-01,2024-08-31,salamr@alhabib.om
TAG2302637,2024-07-31,2024-08-01 16:40:24,519890,CPY2414513,2024-08-13,2024-08-19 08:54:05,280,Rent,Posted,2024-08-01,2024-08-31,salamr@alhabib.om
TAG2302814,2024-07-31,2024-08-06 12:30:23,519485,CPY2414120,2024-08-01,2024-08-14 17:55:58,207,Rent,Posted,2024-08-01,2024-09-11,sirajm@alhabib.om
TAG1901408,2019-10-31,2008-03-31 00:00:00,516000,CPY2411012,2024-06-23,2024-06-27 12:54:03,398,Rent,Posted,2019-11-09,2019-11-18,salamr@alhabib.om
TAG2302231,2024-05-15,2024-06-05 16:34:51,514623,CPY2409770,2024-05-31,2024-06-05 18:35:10,175,Rent,Posted,2024-05-01,2024-05-31,sirajm@alhabib.om
TAG1903850,2020-06-30,2020-06-30 00:00:00,514174,CPY2409349,2024-05-30,2024-06-02 10:40:36,600,Rent,Posted,2021-01-21,2021-02-05,dbabu@alhabib.om
TAG2300587,2024-03-31,2024-04-04 07:52:01,513632,CPY2408893,2024-05-16,2024-05-20 14:12:04,75,Rent,Posted,2024-04-01,2024-04-15,sirajm@alhabib.om
TAG1901408,2019-10-31,2008-03-31 00:00:00,513443,CPY2408709,2024-05-15,2024-05-19 10:54:19,122,Rent,Posted,2019-11-05,2019-11-08,salamr@alhabib.om
TAG1800288,2018-01-31,2018-01-31 00:00:00,512423,CPY2407786,2024-05-06,2024-05-07 10:56:47,250,Rent,Posted,2018-02-01,2018-02-28,dbabu@alhabib.om
TAG2301513,2023-09-30,2023-10-05 11:57:24,511895,CPY2407308,2024-04-28,2024-04-30 14:53:18,125,Rent,Posted,2023-10-01,2023-10-31,dbabu@alhabib.om
TAG1901408,2019-10-31,2008-03-31 00:00:00,511355,CPY2406829,2024-04-15,2024-04-22 09:35:19,200,Rent,Posted,2019-10-31,2019-11-04,salamr@alhabib.om
TAG2000603,2021-01-15,2021-01-15 00:00:00,508967,CPY2404650,2024-03-01,2024-03-15 15:37:54,200,Rent,Posted,2021-01-16,2021-02-15,sirajm@alhabib.om
TAG1903850,2020-06-30,2020-06-30 00:00:00,508554,CPY2404284,2024-03-11,2024-03-11 11:53:09,200,Rent,Posted,2021-01-16,2021-01-20,dbabu@alhabib.om
TAG1903850,2020-06-30,2020-06-30 00:00:00,508471,CPY2404222,2024-03-07,2024-03-10 11:49:10,800,Rent,Posted,2020-12-27,2021-01-15,dbabu@alhabib.om
TAG2300805,2024-02-29,2024-02-15 11:50:14,507100,CPY2403015,2024-02-15,2024-02-19 14:31:05,250,Rent,Posted,2024-02-11,2024-03-10,salamr@alhabib.om
TAG1903850,2020-06-30,2020-06-30 00:00:00,506606,CPY2402550,2024-02-06,2024-02-14 08:49:44,1000,Rent,Posted,2020-12-02,2020-12-26,dbabu@alhabib.om
TAG1903850,2020-06-30,2020-06-30 00:00:00,506605,CPY2402549,2024-02-01,2024-02-14 08:48:30,1000,Rent,Posted,2020-11-06,2020-12-01,sirajm@alhabib.om
TAG1903850,2020-06-30,2020-06-30 00:00:00,505522,CPY2401595,2023-12-31,2024-01-28 14:16:15,5000,Rent,Posted,2020-07-01,2020-11-05,sirajm@alhabib.om
TAG2301155,2023-07-16,2023-09-20 11:06:13,499572,CAR2302064,2023-10-26,2023-10-26 12:07:05,150,Rent,Posted,2023-07-16,2023-08-15,dbabu@alhabib.om
TAG2301270,2023-09-30,2023-10-11 13:17:27,498903,CPY2315442,2023-10-02,2023-10-16 11:37:04,200,Rent,Posted,2023-10-01,2023-10-31,dbabu@alhabib.om
TAG2101770,2021-11-30,2021-12-29 14:58:44,497840,CAR2301913,2023-10-02,2023-10-02 17:09:40,1029,Rent,Posted,2021-06-25,2021-12-07,sirajm@alhabib.om
TAG2000674,2021-01-31,2021-01-21 09:52:07,495180,CPY2312122,2023-08-15,2023-08-17 10:29:05,450,Rent,Posted,2021-02-01,2021-02-28,salamr@alhabib.om
TAG2100869,2021-06-16,2022-09-19 21:47:35,493124,CPY2310308,2023-07-13,2023-07-13 14:43:57,100,Rent,Posted,2021-09-01,2021-10-08,salamr@alhabib.om
TAG2101444,2019-02-10,2019-02-10 00:00:00,491904,CPY2309188,2023-06-25,2023-07-03 11:29:46,204,Rent,Posted,2019-07-21,2019-07-31,sirajm@alhabib.om
TAG2202415,2023-03-31,2023-04-18 20:11:18,490955,CPY2308338,2023-06-11,2023-06-13 17:27:09,120,Rent,Posted,2023-05-01,2023-05-31,renjith@alhabib.om
TAG2101444,2019-02-10,2019-02-10 00:00:00,490162,CPY2307642,2023-05-23,2023-06-03 17:37:31,204,Rent,Posted,2019-07-01,2019-07-20,sirajm@alhabib.om
TAG2101444,2019-02-10,2019-02-10 00:00:00,490155,CPY2307635,2023-05-23,2023-06-03 17:31:38,203,Rent,Posted,2019-06-11,2019-06-30,sirajm@alhabib.om
TAG2100869,2021-06-16,2022-09-19 21:47:35,489868,CPY2307404,2023-05-28,2023-05-28 15:19:44,200,Rent,Posted,2021-06-16,2021-08-31,salamr@alhabib.om
TAG2000466,2021-01-31,2021-02-09 20:16:05,488638,CPY2306296,2023-01-01,2023-05-04 14:31:41,225,Rent,Pending,2021-02-01,2021-02-28,sirajm@alhabib.om
TAG2201616,2023-01-31,2023-04-01 19:02:17,487755,CAR2300785,2023-04-19,2023-04-19 09:35:05,240,Rent,Posted,2023-02-01,2023-02-28,sirajm@alhabib.om
TAG2101444,2019-02-10,2019-02-10 00:00:00,486566,CPY2304473,2023-03-20,2023-03-31 14:34:11,203,Rent,Posted,2019-05-22,2019-06-10,sirajm@alhabib.om
TAG2101444,2019-02-10,2019-02-10 00:00:00,484411,CPY2302603,2023-02-20,2023-02-22 10:06:03,204,Rent,Posted,2019-05-02,2019-05-21,sirajm@alhabib.om
TAG2101444,2019-02-10,2019-02-10 00:00:00,483170,CPY2301500,2023-01-23,2023-02-05 15:57:49,204,Rent,Posted,2019-04-12,2019-05-01,sirajm@alhabib.om
TAG1702254,2017-01-04,2017-01-04 00:00:00,482900,CAR2300147,2023-01-25,2023-01-25 15:25:01,2090,Rent,Posted,2017-01-05,2017-05-23,dbabu@alhabib.om
TAG2102013,2022-09-30,2022-10-12 16:10:50,482826,CPY2301238,2023-01-22,2023-01-23 09:20:16,825,Rent,Posted,2022-05-25,2022-11-08,salamr@alhabib.om
TAG2101444,2019-02-10,2019-02-10 00:00:00,481373,CPY2215067,2022-12-20,2022-12-28 17:48:05,204,Rent,Posted,2019-03-23,2019-04-11,sirajm@alhabib.om
TAG2201550,2022-10-01,2022-10-01 00:00:00,481121,CPY2214868,2022-12-14,2022-12-19 15:37:16,250,Rent,Posted,2022-10-01,2022-10-31,hatem.alamri@alhabib.om
TAG2201550,2022-10-01,2022-10-01 00:00:00,481123,CPY2214870,2022-12-14,2022-12-19 15:37:16,250,Rent,Posted,2022-12-01,2022-12-31,hatem.alamri@alhabib.om
TAG2201550,2022-10-01,2022-10-01 00:00:00,481122,CPY2214869,2022-12-14,2022-12-19 15:37:16,250,Rent,Posted,2022-11-01,2022-11-30,hatem.alamri@alhabib.om
TAG2101444,2019-02-10,2019-02-10 00:00:00,479767,CPY2213636,2022-11-21,2022-11-29 16:13:07,204,Rent,Posted,2019-03-03,2019-03-22,sirajm@alhabib.om
TAG2101444,2019-02-10,2019-02-10 00:00:00,478013,CPY2212101,2022-10-20,2022-10-28 15:46:49,204,Rent,Posted,2019-02-11,2019-03-02,sirajm@alhabib.om
TAG1304166,2014-06-15,2008-03-31 00:00:00,474853,CPY2209362,2022-01-01,2022-08-22 16:24:17,3088,Rent,Pending,2013-12-01,2014-11-30,sirajm@alhabib.om
TAG2003410,2020-12-29,2021-01-04 11:27:39,470501,CPY2205578,2022-05-10,2022-05-20 17:09:31,117,Rent,Posted,2020-12-22,2021-01-11,sirajm@alhabib.om
TAG2100270,2021-12-31,2022-01-04 09:24:56,464123,CPY2200095,2022-01-02,2022-01-05 11:57:57,365,Rent,Posted,2022-01-01,2022-01-31,hatem.alamri@alhabib.om
TAG2001507,2020-10-31,2020-12-23 16:59:52,463801,CAR2103127,2021-12-23,2021-12-23 11:51:52,150,Rent,Posted,2020-10-26,2020-11-04,dbabu@alhabib.om
TAG2100044,2021-04-30,2021-04-30 00:00:00,463282,CPY2117261,2021-12-12,2021-12-14 09:29:12,1290,Rent,Posted,2021-12-01,2022-02-28,hatem.alamri@alhabib.om
TAG2003411,2020-12-29,2021-01-04 11:36:59,461192,CPY2115483,2021-10-03,2021-10-28 17:21:22,190,Rent,Posted,2020-11-29,2020-12-30,wasif.ahmed@alhabib.om
TAG2003057,2021-09-15,2021-09-20 07:49:49,459970,CPY2114424,2021-09-29,2021-09-30 16:12:41,145,Rent,Posted,2021-09-01,2021-09-16,hatem.alamri@alhabib.om
TAG2100044,2021-04-30,2021-04-30 00:00:00,459208,CPY2113783,2021-09-12,2021-09-13 10:36:58,1290,Rent,Posted,2021-09-01,2021-11-30,hatem.alamri@alhabib.om
TAG2001903,2021-02-28,2021-05-25 17:48:14,455924,CPY2110987,2021-06-01,2021-07-01 10:01:41,107,Rent,Posted,2021-03-01,2021-03-19,dbabu@alhabib.om
TAG1602420,2018-02-15,2008-03-31 00:00:00,455729,CAR2101948,2021-06-22,2021-06-22 09:26:36,200,Rent,Posted,2018-02-02,2018-02-18,dbabu@alhabib.om
TAG2100044,2021-04-30,2021-04-30 00:00:00,455188,CPY2110341,2021-06-10,2021-06-14 11:21:42,1290,Rent,Posted,2021-06-01,2021-08-31,hatem.alamri@alhabib.om
TAG1802719,2018-06-15,2008-03-31 00:00:00,453538,CPY2108987,2020-07-16,2021-05-12 15:31:47,1162.5,Rent,Pending,2018-05-15,2018-06-30,wasif.ahmed@alhabib.om
TAG2100608,2020-10-31,2020-10-31 00:00:00,453426,CPY2108889,2021-05-10,2021-05-10 23:46:03,240,Rent,Posted,2021-05-01,2021-05-31,hatem.alamri@alhabib.om
TAG2002040,2020-09-30,2008-03-31 00:00:00,452917,CPY2108404,2021-05-05,2021-05-06 23:20:39,180,Rent,Posted,2021-05-01,2021-05-31,hatem.alamri@alhabib.om
TAG2000420,2020-09-30,2021-01-04 11:24:49,452296,CAR2101532,2021-05-05,2021-05-05 11:28:15,200,Rent,Posted,2020-10-31,2020-11-30,dbabu@alhabib.om
TAG1801116,2018-03-15,2008-03-31 00:00:00,451967,CPY2107606,2021-04-08,2021-04-25 12:43:13,3549,Rent,Posted,2017-07-11,2018-03-31,sirajm@alhabib.om
TAG2100015,2021-04-15,2021-04-21 16:48:22,451920,CPY2107560,2021-04-20,2021-04-25 11:19:40,350,Rent,Posted,2021-04-16,2021-05-15,hatem.alamri@alhabib.om
TAG2002040,2020-09-30,2008-03-31 00:00:00,450829,CPY2106632,2021-04-05,2021-04-07 17:34:02,180,Rent,Posted,2021-04-01,2021-04-30,hatem.alamri@alhabib.om
TAG2003773,2021-02-28,2021-03-03 08:11:10,450724,CPY2106527,2021-04-05,2021-04-07 17:06:08,95,Rent,Posted,2021-04-01,2021-04-30,hatem.alamri@alhabib.om
TAG2001956,2021-05-31,2008-03-31 00:00:00,450389,CPY2106268,2021-04-01,2021-04-02 14:33:24,1200,Rent,Posted,2021-04-01,2021-06-30,hatem.alamri@alhabib.om
TAG2000420,2020-09-30,2021-01-04 11:24:49,450138,CPY2106028,2021-03-31,2021-03-31 15:45:37,300,Rent,Posted,2020-09-16,2020-10-30,hatem.alamri@alhabib.om
TAG2002460,2021-01-31,2021-01-31 00:00:00,448841,CAR2100963,2021-03-14,2021-03-14 10:40:07,240,Rent,Posted,2021-02-16,2021-03-15,dbabu@alhabib.om
TAG2002040,2020-09-30,2008-03-31 00:00:00,448681,CPY2104792,2021-03-07,2021-03-13 15:45:03,180,Rent,Posted,2021-03-01,2021-03-31,hatem.alamri@alhabib.om
TAG2003773,2021-02-28,2021-03-03 08:11:10,448543,CPY2104654,2021-03-07,2021-03-13 14:51:51,95,Rent,Posted,2021-03-01,2021-03-31,hatem.alamri@alhabib.om
TAG2000799,2020-10-15,2020-10-27 20:55:06,447670,CPY2103947,2021-02-02,2021-03-01 13:17:07,220,Rent,Posted,2020-12-16,2021-01-15,hatem.alamri@alhabib.om
TAG2002040,2020-09-30,2008-03-31 00:00:00,446123,CPY2102728,2021-02-07,2021-02-08 15:50:35,180,Rent,Posted,2021-02-01,2021-02-28,hatem.alamri@alhabib.om
TAG2002040,2020-09-30,2008-03-31 00:00:00,443683,CPY2100621,2021-01-05,2021-01-11 17:48:25,180,Rent,Posted,2021-01-01,2021-01-31,hatem.alamri@alhabib.om
TAG2001991,2020-12-31,2008-03-31 00:00:00,442321,CPY2026758,2020-12-16,2020-12-28 15:09:04,350,Rent,Posted,2020-12-16,2021-01-15,salamr@alhabib.om
TAG2001859,2020-07-15,2008-03-31 00:00:00,442317,CPY2026754,2020-12-16,2020-12-28 15:09:03,210,Rent,Posted,2020-12-16,2021-01-15,salamr@alhabib.om
TAG2002977,2020-12-15,2020-12-23 16:57:45,442267,CPY2026704,2020-12-16,2020-12-28 14:50:39,285,Rent,Posted,2020-12-16,2021-01-15,salamr@alhabib.om
TAG2001980,2020-09-30,2020-09-19 17:36:05,442063,CPY2026526,2020-12-15,2020-12-27 14:50:28,100,Rent,Posted,2020-09-23,2020-10-03,salamr@alhabib.om
TAG2002040,2020-09-30,2008-03-31 00:00:00,441898,CPY2026376,2020-12-06,2020-12-23 16:41:52,180,Rent,Posted,2020-12-01,2020-12-31,salamr@alhabib.om
TAG2000799,2020-10-15,2020-10-27 20:55:06,441050,CPY2025599,2020-12-06,2020-12-20 14:27:33,220,Rent,Posted,2020-11-16,2020-12-15,salamr@alhabib.om
TAG2000799,2020-10-15,2020-10-27 20:55:06,441049,CPY2025598,2020-12-06,2020-12-20 14:27:11,220,Rent,Posted,2020-10-16,2020-11-15,salamr@alhabib.om
TAG2001859,2020-07-15,2008-03-31 00:00:00,439497,CPY2024436,2020-11-16,2020-11-30 12:51:34,210,Rent,Posted,2020-11-16,2020-12-15,salamr@alhabib.om
TAG2001419,2020-10-31,2020-10-29 15:54:07,439114,CPY2024053,2020-11-11,2020-11-29 10:17:37,200,Rent,Posted,2020-11-01,2020-11-30,salamr@alhabib.om
TAG2002040,2020-09-30,2008-03-31 00:00:00,438549,CPY2023488,2020-11-08,2020-11-23 14:26:59,180,Rent,Posted,2020-11-01,2020-11-30,salamr@alhabib.om
TAG1900952,2020-02-13,2008-03-31 00:00:00,438222,CPY2023201,2020-10-28,2020-11-22 12:05:46,2991,Rent,Posted,2019-02-16,2020-02-15,salamr@alhabib.om
TAG2001399,2020-10-31,2020-11-08 21:44:52,438097,CAR2003884,2020-10-28,2020-11-18 10:02:44,98,Rent,Posted,2020-11-01,2020-11-30,hatem.alamri@alhabib.om
TAG2002040,2020-09-30,2008-03-31 00:00:00,437333,CPY2022433,2020-09-06,2020-11-12 10:19:41,180,Rent,Posted,2020-10-01,2020-10-31,wasif.ahmed@alhabib.om
TAG2001859,2020-07-15,2008-03-31 00:00:00,436839,CPY2022000,2020-08-22,2020-11-10 10:28:22,210,Rent,Posted,2020-10-16,2020-11-15,wasif.ahmed@alhabib.om
TAG2001859,2020-07-15,2008-03-31 00:00:00,436536,CPY2021697,2020-10-19,2020-11-09 12:26:41,210,Rent,Posted,2020-09-16,2020-10-15,salamr@alhabib.om
TAG1903880,2019-12-15,2008-03-31 00:00:00,434818,CAR2003732,2020-11-03,2020-11-04 09:12:09,525,Rent,Posted,2019-10-01,2019-12-31,dbabu@alhabib.om
TAG2001859,2020-07-15,2008-03-31 00:00:00,434731,CPY2019956,2020-09-30,2020-11-03 16:00:16,210,Rent,Posted,2020-08-16,2020-09-15,salamr@alhabib.om
TAG2002672,2020-09-19,2020-10-05 16:10:12,434435,CPY2019665,2020-09-27,2020-11-03 09:58:45,202.6,Rent,Pending,2020-09-01,2020-09-20,salamr@alhabib.om
TAG2001859,2020-07-15,2008-03-31 00:00:00,432635,CPY2017986,2020-07-16,2020-10-27 12:33:11,210,Rent,Posted,2020-07-16,2020-08-15,wasif.ahmed@alhabib.om
TAG2001870,2020-07-26,2020-07-26 21:15:10,430516,CPY2016065,2020-07-26,2020-10-18 15:41:50,700,Rent,Posted,2020-06-01,2020-07-31,wasif.ahmed@alhabib.om
TAG1903283,2020-07-26,2020-07-26 22:07:47,429142,CPY2015537,2020-07-16,2020-09-16 11:54:30,130,Rent,Posted,2020-07-01,2020-07-31,salamr@alhabib.om
TAG1902583,2020-06-30,2008-03-31 00:00:00,428748,CPY2015269,2020-07-12,2020-09-07 10:44:12,340,Rent,Posted,2020-07-01,2020-07-31,samajid@alhabib.om
TAG1102516,2012-08-15,2008-03-31 00:00:00,195835,CAR1400470,2014-01-29,2020-09-02 15:12:00,2800,Rent,Posted,2012-03-16,2013-01-14,amishd@imtac.com
TAG1804087,2019-02-28,2008-03-31 00:00:00,380862,CAR1901178,2019-03-12,2020-09-02 15:12:00,2880,Rent,Posted,2018-08-16,2019-04-15,amishd@imtac.com
TAG1802917,2018-07-31,2008-03-31 00:00:00,395617,CAR1903432,2019-07-31,2020-09-02 15:12:00,500,Rent,Posted,2018-06-15,2019-06-28,amishd@imtac.com
TAG1302588,2015-01-31,2008-03-31 00:00:00,287017,CPY1620546,2016-08-11,2020-09-02 15:12:00,1930,Rent,Posted,2014-12-27,2015-07-26,amishd@imtac.com
TAG1704299,2018-08-31,2008-03-31 00:00:00,373451,CPY1830189,2018-12-20,2020-09-02 15:12:00,400,Rent,Posted,2018-08-16,2018-10-15,amishd@imtac.com
TAG1400003,2013-12-31,2008-03-31 00:00:00,209365,CAR1402640,2014-06-17,2020-09-02 15:12:00,60,Rent,Posted,2014-01-24,2014-01-31,amishd@imtac.com
TAG2000027,2020-07-26,2020-07-26 22:07:18,428102,CAR2002255,2020-07-21,2020-08-12 11:26:06,250,Rent,Posted,2020-07-01,2020-07-31,samajid@alhabib.om
TAG1903663,2020-05-15,2008-03-31 00:00:00,426315,CPY2013440,2020-06-01,2020-07-15 00:00:00,715,Rent,Posted,2020-05-16,2020-06-15,amishd@imtac.com
TAG1902442,2020-05-31,2008-03-31 00:00:00,424824,CAR2001766,2020-06-10,2020-07-15 00:00:00,37.5,Rent,Posted,2020-06-30,2020-06-30,amishd@imtac.com
TAG1903663,2020-05-15,2008-03-31 00:00:00,426534,CPY2013615,2020-06-30,2020-07-15 00:00:00,357.5,Rent,Posted,2020-06-16,2020-06-30,amishd@imtac.com
TAG1902442,2020-05-31,2008-03-31 00:00:00,424337,CPY2011628,2020-06-01,2020-07-15 00:00:00,250,Rent,Posted,2020-06-01,2020-06-30,amishd@imtac.com
TAG1904008,2020-06-15,2008-03-31 00:00:00,426851,CAR2002063,2020-07-06,2020-07-15 00:00:00,50,Rent,Posted,2020-06-15,9202-06-15,amishd@imtac.com
TAG1902442,2020-05-31,2008-03-31 00:00:00,424822,CAR2001764,2020-06-10,2020-07-15 00:00:00,50,Rent,Posted,2020-06-30,2020-06-30,amishd@imtac.com
